Index,Value
1.861000000000000000e+03,3.803349126201445642e+02
1.862223180076628296e+03,3.805545146640748158e+02
1.863446360153256592e+03,3.807856908077642402e+02
1.864669540229885115e+03,3.810295248829585830e+02
1.865892720306513411e+03,3.812869139353308015e+02
1.867115900383141707e+03,3.815585546874642660e+02
1.868339080459770003e+03,3.818449329949399385e+02
1.869562260536398526e+03,3.821463164531064649e+02
1.870785440613026822e+03,3.824627502650292286e+02
1.872008620689655118e+03,3.827940564323857870e+02
1.873231800766283413e+03,3.831398362814154552e+02
1.874454980842911937e+03,3.834994762862005473e+02
1.875678160919540232e+03,3.838721571022789476e+02
1.876901340996168528e+03,3.842568656756213272e+02
1.878124521072796824e+03,3.846524102460451218e+02
1.879347701149425347e+03,3.850574380208913112e+02
1.880570881226053643e+03,3.854704552548830065e+02
1.881794061302681939e+03,3.858898494361347389e+02
1.883017241379310235e+03,3.863139132468025423e+02
1.884240421455938758e+03,3.867408699403528090e+02
1.885463601532567054e+03,3.871688997562546888e+02
1.886686781609195350e+03,3.875961669774008556e+02
1.887909961685823646e+03,3.880208472259565724e+02
1.889133141762452169e+03,3.884411545897733049e+02
1.890356321839080465e+03,3.888553681740364141e+02
1.891579501915708761e+03,3.892618576814052176e+02
1.892802681992337057e+03,3.896591076384191297e+02
1.894025862068965580e+03,3.900457399061735373e+02
1.895249042145593876e+03,3.904205341389093746e+02
1.896472222222222172e+03,3.907824458848209019e+02
1.897695402298850468e+03,3.911306220586211566e+02
1.898918582375478991e+03,3.914644135546793677e+02
1.900141762452107287e+03,3.917833848122678546e+02
1.901364942528735583e+03,3.920873201900106437e+02
1.902588122605363878e+03,3.923762270542933379e+02
1.903811302681992402e+03,3.926503355355095550e+02
1.905034482758620697e+03,3.929100949558030038e+02
1.906257662835248993e+03,3.931561669817076563e+02
1.907480842911877289e+03,3.933894156040242933e+02
1.908704022988505812e+03,3.936108940946866142e+02
1.909927203065134108e+03,3.938218291355395877e+02
1.911150383141762404e+03,3.940236023562144396e+02
1.912373563218390700e+03,3.942177295570014621e+02
1.913596743295019223e+03,3.944058379272119623e+02
1.914819923371647519e+03,3.945896415994782842e+02
1.916043103448275815e+03,3.947709159053031271e+02
1.917266283524904111e+03,3.949514707165792515e+02
1.918489463601532634e+03,3.951331232714574639e+02
1.919712643678160930e+03,3.953176708906462409e+02
1.920935823754789226e+03,3.955068639918653730e+02
1.922159003831417522e+03,3.957023798057172144e+02
1.923382183908046045e+03,3.959057971857613438e+02
1.924605363984674341e+03,3.961185728892245947e+02
1.925828544061302637e+03,3.963420196828055850e+02
1.927051724137930933e+03,3.965772866007562243e+02
1.928274904214559456e+03,3.968253416502662390e+02
1.929498084291187752e+03,3.970869572226006312e+02
1.930721264367816048e+03,3.973626984280140277e+02
1.931944444444444343e+03,3.976529145287688038e+02
1.933167624521072867e+03,3.979577335982951922e+02
1.934390804597701162e+03,3.982770604863180779e+02
1.935613984674329458e+03,3.986105781203765446e+02
1.936837164750957754e+03,3.989577521243058413e+02
1.938060344827586277e+03,3.993178386846842614e+02
1.939283524904214573e+03,3.996898955477153663e+02
1.940506704980842869e+03,4.000727959822356183e+02
1.941729885057471165e+03,4.004652455002146780e+02
1.942953065134099688e+03,4.008658010849113111e+02
1.944176245210727984e+03,4.012728926393738789e+02
1.945399425287356280e+03,4.016848463347976121e+02
1.946622605363984576e+03,4.020999095098592875e+02
1.947845785440613099e+03,4.025162767489746329e+02
1.949068965517241395e+03,4.029321167498051750e+02
1.950292145593869691e+03,4.033455995785517985e+02
1.951515325670497987e+03,4.037549239057695445e+02
1.952738505747126510e+03,4.041583438157389310e+02
1.953961685823754806e+03,4.045541947887912215e+02
1.955184865900383102e+03,4.049409184683536296e+02
1.956408045977011398e+03,4.053170858426294672e+02
1.957631226053639921e+03,4.056814184945293960e+02
1.958854406130268217e+03,4.060328076023261019e+02
1.960077586206896513e+03,4.063703304071235607e+02
1.961300766283524808e+03,4.066932639010788080e+02
1.962523946360153332e+03,4.070010955318498986e+02
1.963747126436781627e+03,4.072935307633263733e+02
1.964970306513409923e+03,4.075704973796775334e+02
1.966193486590038219e+03,4.078321464684168518e+02
1.967416666666666742e+03,4.080788500678067976e+02
1.968639846743295038e+03,4.083111955137739528e+02
1.969863026819923334e+03,4.085299765708217592e+02
1.971086206896551630e+03,4.087361814794873567e+02
1.972309386973180153e+03,4.089309780989620435e+02
1.973532567049808449e+03,4.091156963669040465e+02
1.974755747126436745e+03,4.092918083385617933e+02
1.975978927203065041e+03,4.094609061034949491e+02
1.977202107279693564e+03,4.096246779099001856e+02
1.978425287356321860e+03,4.097848828533273036e+02
1.979648467432950156e+03,4.099433245080286383e+02
1.980871647509578452e+03,4.101018238949795887e+02
1.982094827586206975e+03,4.102621921905242743e+02
1.983318007662835271e+03,4.104262035834740914e+02
1.984541187739463567e+03,4.105955686862678249e+02
1.985764367816091863e+03,4.107719088975242130e+02
1.986987547892720386e+03,4.109567320990994403e+02
1.988210727969348682e+03,4.111514100508201750e+02
1.989433908045976978e+03,4.113571578206965569e+02
1.990657088122605273e+03,4.115750155579988814e+02
1.991880268199233797e+03,4.118058328815757250e+02
1.993103448275862092e+03,4.120502561167098179e+02
1.994326628352490388e+03,4.123087185712413998e+02
1.995549808429118684e+03,4.125814339962739155e+02
1.996772988505747207e+03,4.128683933291886206e+02
1.997996168582375503e+03,4.131693647676455043e+02
1.999219348659003799e+03,4.134838971734772031e+02
2.000442528735632095e+03,4.138113267556154824e+02
2.001665708812260618e+03,4.141507869322009014e+02
2.002888888888888914e+03,4.145012212245092655e+02
2.004112068965517210e+03,4.148613989900334218e+02
2.005335249042145506e+03,4.152299337596236910e+02
2.006558429118774029e+03,4.156053039046852859e+02
2.007781609195402325e+03,4.159858753256078785e+02
2.009004789272030621e+03,4.163699258224005462e+02
2.010227969348658917e+03,4.167556707833678047e+02
2.011451149425287440e+03,4.171412898079663023e+02
2.012674329501915736e+03,4.175249538660222584e+02
2.013897509578544032e+03,4.179048525874750908e+02
2.015120689655172328e+03,4.182792212748601628e+02
2.016343869731800851e+03,4.186463672348889418e+02
2.017567049808429147e+03,4.190046950356577895e+02
2.018790229885057443e+03,4.193527303120710030e+02
2.020013409961685738e+03,4.196891417637580162e+02
2.021236590038314262e+03,4.200127610167738226e+02
2.022459770114942557e+03,4.203226000522919890e+02
2.023682950191570853e+03,4.206178659418595771e+02
2.024906130268199149e+03,4.208979726690250800e+02
2.026129310344827672e+03,4.211625498606953784e+02
2.027352490421455968e+03,4.214114482977502689e+02
2.028575670498084264e+03,4.216447421225747121e+02
2.029798850574712560e+03,4.218627277105225630e+02
2.031022030651341083e+03,4.220659192221806961e+02
2.032245210727969379e+03,4.222550409028977469e+02
2.033468390804597675e+03,4.224310162446497543e+02
2.034691570881225971e+03,4.225949541721988112e+02
2.035914750957854494e+03,4.227481324599676213e+02
2.037137931034482790e+03,4.228919786274360035e+02
2.038361111111111086e+03,4.230280485985394989e+02
2.039584291187739382e+03,4.231580034439678570e+02
2.040807471264367905e+03,4.232835845539023580e+02
2.042030651340996201e+03,4.234065876121910605e+02
2.043253831417624497e+03,4.235288357608654337e+02
2.044477011494252793e+03,4.236521523560041942e+02
2.045700191570881316e+03,4.237783337220536737e+02
2.046923371647509612e+03,4.239091223117392815e+02
2.048146551724138135e+03,4.240461806726403324e+02
2.049369731800766203e+03,4.241910666094448743e+02
2.050592911877394727e+03,4.243452099130383885e+02
2.051816091954022795e+03,4.245098910041594991e+02
2.053039272030651318e+03,4.246862218107549438e+02
2.054262452107279842e+03,4.248751291647784001e+02
2.055485632183907910e+03,4.250773409665367240e+02
2.056708812260536433e+03,4.252933753233279504e+02
2.057931992337164957e+03,4.255235328246685640e+02
2.059155172413793025e+03,4.257678920695420288e+02
2.060378352490421548e+03,4.260263085125004068e+02
2.061601532567049617e+03,4.262984166458588220e+02
2.062824712643678140e+03,4.265836354853719854e+02
2.064047892720306663e+03,4.268811772774147926e+02
2.065271072796934732e+03,4.271900592975525797e+02
2.066494252873563255e+03,4.275091185641908851e+02
2.067717432950191778e+03,4.278370292474309622e+02
2.068940613026819847e+03,4.281723225129882735e+02
2.070163793103448370e+03,4.285134085046389600e+02
2.071386973180076438e+03,4.288586001367034442e+02
2.072610153256704962e+03,4.292061383410330677e+02
2.073833333333333485e+03,4.295542183912220366e+02
2.075056513409961553e+03,4.299010169106808235e+02
2.076279693486590077e+03,4.302447191609772972e+02
2.077502873563218600e+03,4.305835462026707887e+02
2.078726053639846668e+03,4.309157815227657125e+02
2.079949233716475192e+03,4.312397967308849616e+02
2.081172413793103260e+03,4.315540759401728792e+02
2.082395593869731783e+03,4.318572384686002010e+02
2.083618773946360307e+03,4.321480595214333675e+02
2.084841954022988375e+03,4.324254885458026934e+02
2.086065134099616898e+03,4.326886649830897227e+02
2.087288314176245422e+03,4.329369311837338614e+02
2.088511494252873490e+03,4.331698422914662387e+02
2.089734674329502013e+03,4.333871729492605596e+02
2.090957854406130082e+03,4.335889207267841243e+02
2.092181034482758605e+03,4.337753062181254791e+02
2.093404214559387128e+03,4.339467698083263940e+02
2.094627394636015197e+03,4.341039651570296769e+02
2.095850574712643720e+03,4.342477494966047971e+02
2.097073754789272243e+03,4.343791708897186936e+02
2.098296934865900312e+03,4.344994526367510730e+02
2.099520114942528835e+03,4.346099750660473546e+02
2.100743295019156903e+03,4.347122549791033634e+02
2.101966475095785427e+03,4.348079230578281340e+02
2.103189655172413950e+03,4.348986995714739123e+02
2.104412835249042018e+03,4.349863687462371900e+02
2.105636015325670542e+03,4.350727521805148399e+02
2.106859195402298610e+03,4.351596817030613238e+02
2.108082375478927133e+03,4.352489720796176016e+02
2.109305555555555657e+03,4.353423939758441747e+02
2.110528735632183725e+03,4.354416475805651885e+02
2.111751915708812248e+03,4.355483372834581246e+02
2.112975095785440772e+03,4.356639477855700306e+02
2.114198275862068840e+03,4.357898219996292823e+02
2.115421455938697363e+03,4.359271410703768765e+02
2.116644636015325887e+03,4.360769068134607664e+02
2.117867816091953955e+03,4.362399268352970694e+02
2.119090996168582478e+03,4.364168025562388493e+02
2.120314176245210547e+03,4.366079203160095972e+02
2.121537356321839070e+03,4.368134456942995598e+02
2.122760536398467593e+03,4.370333211313774768e+02
2.123983716475095662e+03,4.372672668842603230e+02
2.125206896551724185e+03,4.375147853041383428e+02
2.126430076628352253e+03,4.377751683711213673e+02
2.127653256704980777e+03,4.380475083737023283e+02
2.128876436781609300e+03,4.383307115733363162e+02
2.130099616858237368e+03,4.386235146499331563e+02
2.131322796934865892e+03,4.389245036824988233e+02
2.132545977011494415e+03,4.392321353812841949e+02
2.133769157088122483e+03,4.395447602541509013e+02
2.134992337164751007e+03,4.398606473609654017e+02
2.136215517241379530e+03,4.401780102860936381e+02
2.137438697318007598e+03,4.404950339408783861e+02
2.138661877394636122e+03,4.408099017955684644e+02
2.139885057471264190e+03,4.411208231337557208e+02
2.141108237547892713e+03,4.414260599220409063e+02
2.142331417624521237e+03,4.417239528933940846e+02
2.143554597701149305e+03,4.420129464544317557e+02
2.144777777777777828e+03,4.422916120443992440e+02
2.146000957854405897e+03,4.425586695967891160e+02
2.147224137931034420e+03,4.428130067828764709e+02
2.148447318007662943e+03,4.430536957495954198e+02
2.149670498084291012e+03,4.432800071016256993e+02
2.150893678160919535e+03,4.434914209187368215e+02
2.152116858237548058e+03,4.436876346437379084e+02
2.153340038314176127e+03,4.438685677231474074e+02
2.154563218390804650e+03,4.440343629312176859e+02
2.155786398467433173e+03,4.441853843575120777e+02
2.157009578544061242e+03,4.443222120880878947e+02
2.158232758620689765e+03,4.444456336597467043e+02
2.159455938697317833e+03,4.445566324150327659e+02
2.160679118773946357e+03,4.446563729319727258e+02
2.161902298850574880e+03,4.447461837462640233e+02
2.163125478927202948e+03,4.448275376240735568e+02
2.164348659003831472e+03,4.449020296802152075e+02
2.165571839080459540e+03,4.449713536686670068e+02
2.166795019157088063e+03,4.450372767997016012e+02
2.168018199233716587e+03,4.451016134599195766e+02
2.169241379310344655e+03,4.451661982278696996e+02
2.170464559386973178e+03,4.452328585884657741e+02
2.171687739463601702e+03,4.453033877539104424e+02
2.172910919540229770e+03,4.453795179972455571e+02
2.174134099616858293e+03,4.454628948969867679e+02
2.175357279693486817e+03,4.455550528776878423e+02
2.176580459770114885e+03,4.456573924119124399e+02
2.177803639846743408e+03,4.457711592242672509e+02
2.179026819923371477e+03,4.458974258082304232e+02
2.180250000000000000e+03,4.460370755319522686e+02
2.181473180076628523e+03,4.461907895705143687e+02
2.182696360153256592e+03,4.463590368599008684e+02
2.183919540229885115e+03,4.465420672227800196e+02
2.185142720306513183e+03,4.467399077687960585e+02
2.186365900383141707e+03,4.469523626231454614e+02
2.187589080459770230e+03,4.471790159874702226e+02
2.188812260536398298e+03,4.474192384873106221e+02
2.190035440613026822e+03,4.476721967112475795e+02
2.191258620689655345e+03,4.479368657991687428e+02
2.192481800766283413e+03,4.482120448915331394e+02
2.193704980842911937e+03,4.484963752087542730e+02
2.194928160919540460e+03,4.487883604905191532e+02
2.196151340996168528e+03,4.490863894895996395e+02
2.197374521072797052e+03,4.493887601840085608e+02
2.198597701149425120e+03,4.496937053456753119e+02
2.199820881226053643e+03,4.499994190835505492e+02
2.201044061302682167e+03,4.503040839644806397e+02
2.202267241379310235e+03,4.506058983065659049e+02
2.203490421455938758e+03,4.509031032371352126e+02
2.204713601532566827e+03,4.511940091109875652e+02
2.205936781609195350e+03,4.514770208941137071e+02
2.207159961685823873e+03,4.517506621335629120e+02
2.208383141762451942e+03,4.520135971552567185e+02
2.209606321839080465e+03,4.522646511580232414e+02
2.210829501915708988e+03,4.525028279035661853e+02
2.212052681992337057e+03,4.527273247380070984e+02
2.213275862068965580e+03,4.529375447205126761e+02
2.214499042145594103e+03,4.531331056777479489e+02
2.215722222222222172e+03,4.533138460488346482e+02
2.216945402298850695e+03,4.534798274334528401e+02
2.218168582375478763e+03,4.536313338049886852e+02
2.219391762452107287e+03,4.537688674004695031e+02
2.220614942528735810e+03,4.538931413486770907e+02
2.221838122605363878e+03,4.540050691465848445e+02
2.223061302681992402e+03,4.541057511413474685e+02
2.224284482758620470e+03,4.541964582198264679e+02
2.225507662835248993e+03,4.542786129493595126e+02
2.226730842911877517e+03,4.543537684515677597e+02
2.227954022988505585e+03,4.544235853248718513e+02
2.229177203065134108e+03,4.544898069605448541e+02
2.230400383141762632e+03,4.545542336211357224e+02
2.231623563218390700e+03,4.546186956685919540e+02
2.232846743295019223e+03,4.546850263421148384e+02
2.234069923371647747e+03,4.547550344925101626e+02
2.235293103448275815e+03,4.548304776804471885e+02
2.236516283524904338e+03,4.549130360406009004e+02
2.237739463601532407e+03,4.550042873022074446e+02
2.238962643678160930e+03,4.551056833392830754e+02
2.240185823754789453e+03,4.552185286008991056e+02
2.241409003831417522e+03,4.553439607438118628e+02
2.242632183908046045e+03,4.554829337568352230e+02
2.243855363984674113e+03,4.556362038291120484e+02
2.245078544061302637e+03,4.558043181734360587e+02
2.246301724137931160e+03,4.559876069716197549e+02
2.247524904214559228e+03,4.561861785622508592e+02
2.248748084291187752e+03,4.563999179427287913e+02
2.249971264367816275e+03,4.566284886079466787e+02
2.251194444444444343e+03,4.568713376981260126e+02
2.252417624521072867e+03,4.571277043788618926e+02
2.253640804597701390e+03,4.573966313281359248e+02
2.254863984674329458e+03,4.576769791586316387e+02
2.256087164750957982e+03,4.579674435598174682e+02
2.257310344827586050e+03,4.582665749036274860e+02
2.258533524904214573e+03,4.585728000207541868e+02
2.259756704980843097e+03,4.588844458221295213e+02
2.260979885057471165e+03,4.591997644126028604e+02
2.262203065134099688e+03,4.595169593215234158e+02
2.263426245210727757e+03,4.598342124582435986e+02
2.264649425287356280e+03,4.601497113897329996e+02
2.265872605363984803e+03,4.604616765326713335e+02
2.267095785440612872e+03,4.607683878536749944e+02
2.268318965517241395e+03,4.610682106786578629e+02
2.269542145593869918e+03,4.613596202256355809e+02
2.270765325670497987e+03,4.616412244943693395e+02
2.271988505747126510e+03,4.619117851707869136e+02
2.273211685823755033e+03,4.621702362337919112e+02
2.274434865900383102e+03,4.624156999864028421e+02
2.275658045977011625e+03,4.626475002716541098e+02
2.276881226053639693e+03,4.628651726757555025e+02
2.278104406130268217e+03,4.630684715660307234e+02
2.279327586206896740e+03,4.632573738584522971e+02
2.280550766283524808e+03,4.634320794584579630e+02
2.281773946360153332e+03,4.635930083684500573e+02
2.282997126436781400e+03,4.637407945051829188e+02
2.284220306513409923e+03,4.638762763194145577e+02
2.285443486590038447e+03,4.640004843579778253e+02
2.286666666666666515e+03,4.641146259541189920e+02
2.287889846743295038e+03,4.642200672748633110e+02
2.289113026819923562e+03,4.643183129936602427e+02
2.290336206896551630e+03,4.644109838920501829e+02
2.291559386973180153e+03,4.644997927250365137e+02
2.292782567049808677e+03,4.645865187107980887e+02
2.294005747126436745e+03,4.646729810259279816e+02
2.295228927203065268e+03,4.647610117022521194e+02
2.296452107279693337e+03,4.648524283302155027e+02
2.297675287356321860e+03,4.649490069767222167e+02
2.298898467432950383e+03,4.650524557221061741e+02
2.300121647509578452e+03,4.651643892116593406e+02
2.301344827586206975e+03,4.652863046019845115e+02
2.302568007662835043e+03,4.654195592615956798e+02
2.303791187739463567e+03,4.655653505589776273e+02
2.305014367816092090e+03,4.657246980401196197e+02
2.306237547892720158e+03,4.658984282618374664e+02
2.307460727969348682e+03,4.660871625075084239e+02
2.308683908045977205e+03,4.662913075687735613e+02
2.309907088122605273e+03,4.665110497309478319e+02
2.311130268199233797e+03,4.667463520520041129e+02
2.312353448275862320e+03,4.669969549757822733e+02
2.313576628352490388e+03,4.672623802702502189e+02
2.314799808429118912e+03,4.675419382319603301e+02
2.316022988505746980e+03,4.678347380490328646e+02
2.317246168582375503e+03,4.681397011678073454e+02
2.318469348659004027e+03,4.684555774634101226e+02
2.319692528735632095e+03,4.687809639725977036e+02
2.320915708812260618e+03,4.691143259089385538e+02
2.322138888888888687e+03,4.694540196462959898e+02
2.323362068965517210e+03,4.697983173271621240e+02
2.324585249042145733e+03,4.701454327281108476e+02
2.325808429118773802e+03,4.704935479958561473e+02
2.327031609195402325e+03,4.708408408543889436e+02
2.328254789272030848e+03,4.711855118766288797e+02
2.329477969348658917e+03,4.715258114130641616e+02
2.330701149425287440e+03,4.718600657749774996e+02
2.331924329501915508e+03,4.721867022809922787e+02
2.333147509578544032e+03,4.725042727926671660e+02
2.334370689655172555e+03,4.728114753874342000e+02
2.335593869731800623e+03,4.731071738450206112e+02
2.336817049808429147e+03,4.733904146561605444e+02
2.338040229885057670e+03,4.736604412994296354e+02
2.339263409961685738e+03,4.739167055728611899e+02
2.340486590038314262e+03,4.741588758110086701e+02
2.341709770114942330e+03,4.743868418646634382e+02
2.342932950191570853e+03,4.746007167688134132e+02
2.344156130268199377e+03,4.748008350739121397e+02
2.345379310344827445e+03,4.749877478653941125e+02
2.346602490421455968e+03,4.751622145458554201e+02
2.347825670498084037e+03,4.753251915026966117e+02
2.349048850574712560e+03,4.754778178305664937e+02
2.350272030651341083e+03,4.756213983219531656e+02
2.351495210727969152e+03,4.757573839800949145e+02
2.352718390804597675e+03,4.758873503454053093e+02
2.353941570881226198e+03,4.760129739592787814e+02
2.355164750957854267e+03,4.761360073169812495e+02
2.356387931034482790e+03,4.762582526839025263e+02
2.357611111111111313e+03,4.763815351664364357e+02
2.358834291187739382e+03,4.765076754398905337e+02
2.360057471264367905e+03,4.766384625409548335e+02
2.361280651340995973e+03,4.767756271312913441e+02
2.362503831417624497e+03,4.769208156317706084e+02
2.363727011494253020e+03,4.770755656138670702e+02
2.364950191570881088e+03,4.772412828159431797e+02
2.366173371647509612e+03,4.774192201278704601e+02
2.367396551724137680e+03,4.776104588580208201e+02
2.368619731800766203e+03,4.778158925625608617e+02
2.369842911877394727e+03,4.780362136786881138e+02
2.371066091954022795e+03,4.782719031615534391e+02
2.372289272030651318e+03,4.785232232797270626e+02
2.373512452107279842e+03,4.787902136768684045e+02
2.374735632183907910e+03,4.790726907584540299e+02
2.375958812260536433e+03,4.793702504127309680e+02
2.377181992337164957e+03,4.796822740252377457e+02
2.378405172413793025e+03,4.800079376970239196e+02
2.379628352490421548e+03,4.803462245288225745e+02
2.380851532567049617e+03,4.806959397876153162e+02
2.382074712643678140e+03,4.810557287289628903e+02
2.383297892720306663e+03,4.814240968087821102e+02
2.384521072796934732e+03,4.817994319825514822e+02
2.385744252873563255e+03,4.821800287587308844e+02
2.386967432950191323e+03,4.825641136469682806e+02
2.388190613026819847e+03,4.829498716208288442e+02
2.389413793103448370e+03,4.833354731996124656e+02
2.390636973180076893e+03,4.837191017445876469e+02
2.391860153256704962e+03,4.840989805617522279e+02
2.393083333333333485e+03,4.844733994061365365e+02
2.394306513409961553e+03,4.848407399915921587e+02
2.395529693486590077e+03,4.851995001248888002e+02
2.396752873563218600e+03,4.855483161034806017e+02
2.397976053639846668e+03,4.858859830422646837e+02
2.399199233716475192e+03,4.862114728255926934e+02
2.400422413793103260e+03,4.865239494162855181e+02
2.401645593869731783e+03,4.868227812928981848e+02
2.402868773946360307e+03,4.871075508293886287e+02
2.404091954022988375e+03,4.873780604770426521e+02
2.405315134099616898e+03,4.876343356562835538e+02
2.406538314176244967e+03,4.878766243151638946e+02
2.407761494252873490e+03,4.881053931611477310e+02
2.408984674329502013e+03,4.883213206224980354e+02
2.410207854406130537e+03,4.885252866444616302e+02
2.411431034482758605e+03,4.887183594727333684e+02
2.412654214559387128e+03,4.889017796217085561e+02
2.413877394636015197e+03,4.890769412670939573e+02
2.415100574712643720e+03,4.892453713409425973e+02
2.416323754789272243e+03,4.894087066415030449e+02
2.417546934865900312e+03,4.895686692999462934e+02
2.418770114942528835e+03,4.897270409705812995e+02
2.419993295019156903e+03,4.898856361302479741e+02
2.421216475095785427e+03,4.900462748858875557e+02
2.422439655172413950e+03,4.902107556966405468e+02
2.423662835249042018e+03,4.903808284180983037e+02
2.424886015325670542e+03,4.905581680715224024e+02
2.426109195402298610e+03,4.907443497300110948e+02
2.427332375478927133e+03,4.909408248969038482e+02
2.428555555555555657e+03,4.911488997294140972e+02
2.429778735632184180e+03,4.913697154329096861e+02
2.431001915708812248e+03,4.916042311188223266e+02
2.432225095785440772e+03,4.918532093823554874e+02
2.433448275862068840e+03,4.921172048155164020e+02
2.434671455938697363e+03,4.923965556271368200e+02
2.435894636015325887e+03,4.926913784951179309e+02
2.437117816091953955e+03,4.930015667278385649e+02
2.438340996168582478e+03,4.933267917622126220e+02
2.439564176245210547e+03,4.936665079760261392e+02
2.440787356321839070e+03,4.940199607426576449e+02
2.442010536398467593e+03,4.943861976078332532e+02
2.443233716475095662e+03,4.947640824214176973e+02
2.444456896551724185e+03,4.951523122130847696e+02
2.445680076628352253e+03,4.955494365597056685e+02
2.446903256704980777e+03,4.959538791550673409e+02
2.448126436781609300e+03,4.963639612596140296e+02
2.449349616858237823e+03,4.967779266798210642e+02
2.450572796934865892e+03,4.971939679039464295e+02
2.451795977011494415e+03,4.976102530036300777e+02
2.453019157088122483e+03,4.980249528993620061e+02
2.454242337164751007e+03,4.984362685824114010e+02
2.455465517241379530e+03,4.988424578864487557e+02
2.456688697318007598e+03,4.992418614088321078e+02
2.457911877394636122e+03,4.996329271942308310e+02
2.459135057471264190e+03,5.000142338117512963e+02
2.460358237547892713e+03,5.003845114807449477e+02
2.461581417624521237e+03,5.007426609296257425e+02
2.462804597701149305e+03,5.010877697059107163e+02
2.464027777777777828e+03,5.014191256937776302e+02
2.465250957854405897e+03,5.017362276371616758e+02
2.466474137931034420e+03,5.020387925111664913e+02
2.467697318007662943e+03,5.023267596316503614e+02
2.468920498084291467e+03,5.026002914416008025e+02
2.470143678160919535e+03,5.028597709625602761e+02
2.471366858237548058e+03,5.031057959492090959e+02
2.472590038314176127e+03,5.033391698344676115e+02
2.473813218390804650e+03,5.035608896004472967e+02
2.475036398467433173e+03,5.037721307565126949e+02
2.476259578544061242e+03,5.039742296489456521e+02
2.477482758620689765e+03,5.041686633665805175e+02
2.478705938697317833e+03,5.043570275426970966e+02
2.479929118773946357e+03,5.045410123848996591e+02
2.481152298850574880e+03,5.047223772911870014e+02
2.482375478927202948e+03,5.049029244315462961e+02
2.483598659003831472e+03,5.050844716898602655e+02
2.484821839080459540e+03,5.052688253704789076e+02
2.486045019157088063e+03,5.054577530773208309e+02
2.487268199233716587e+03,5.056529571707928312e+02
2.488491379310344655e+03,5.058560491991818822e+02
2.489714559386973178e+03,5.060685256866122472e+02
2.490937739463601247e+03,5.062917456393878979e+02
2.492160919540229770e+03,5.065269101068651594e+02
2.493384099616858293e+03,5.067750441022967038e+02
2.494607279693486817e+03,5.070369811538258773e+02
2.495830459770114885e+03,5.073133507165050560e+02
2.497053639846743408e+03,5.076045686334614970e+02
2.498276819923371477e+03,5.079108307887686919e+02
2.499500000000000000e+03,5.082321100468918189e+02
2.500723180076628523e+03,5.085681565244554463e+02
2.501946360153256592e+03,5.089185011902994233e+02
2.503169540229885115e+03,5.092824627400414101e+02
2.504392720306513183e+03,5.096591576424422101e+02
2.505615900383141707e+03,5.100475132074709563e+02
2.506839080459770230e+03,5.104462834808099387e+02
2.508062260536398298e+03,5.108540677273128381e+02
2.509285440613026822e+03,5.112693312272313619e+02
2.510508620689654890e+03,5.116904280744748803e+02
2.511731800766283413e+03,5.121156256362473869e+02
2.512954980842911937e+03,5.125431303085786112e+02
2.514178160919540460e+03,5.129711141829063763e+02
2.515401340996168528e+03,5.133977422252467022e+02
2.516624521072797052e+03,5.138211995618366927e+02
2.517847701149425120e+03,5.142397184635334497e+02
2.519070881226053643e+03,5.146516046257689823e+02
2.520294061302682167e+03,5.150552623513669914e+02
2.521517241379310235e+03,5.154492182599470880e+02
2.522740421455938758e+03,5.158321431696335821e+02
2.523963601532566827e+03,5.162028718241175511e+02
2.525186781609195350e+03,5.165604201703067702e+02
2.526409961685823873e+03,5.169039999284032092e+02
2.527633141762451942e+03,5.172330302367070090e+02
2.528856321839080465e+03,5.175471461971592362e+02
2.530079501915708533e+03,5.178462041939444589e+02
2.531302681992337057e+03,5.181302839056996845e+02
2.532525862068965580e+03,5.183996869812800696e+02
2.533749042145594103e+03,5.186549323988889455e+02
2.534972222222222172e+03,5.188967485779419349e+02
2.536195402298850695e+03,5.191260623615576151e+02
2.537418582375478763e+03,5.193439850343282842e+02
2.538641762452107287e+03,5.195517955843305344e+02
2.539864942528735810e+03,5.197509214595095273e+02
2.541088122605363878e+03,5.199429171060162389e+02
2.542311302681992402e+03,5.201294406092200688e+02
2.543534482758620470e+03,5.203122287864694044e+02
2.544757662835248993e+03,5.204930711038122126e+02
2.545980842911877517e+03,5.206737828064581208e+02
2.547204022988505585e+03,5.208561776645133250e+02
2.548427203065134108e+03,5.210420407412740360e+02
2.549650383141762177e+03,5.212331015910143606e+02
2.550873563218390700e+03,5.214310082868041718e+02
2.552096743295019223e+03,5.216373026664715553e+02
2.553319923371647747e+03,5.218533971666341813e+02
2.554543103448275815e+03,5.220805535909872788e+02
2.555766283524904338e+03,5.223198641301333964e+02
2.556989463601532407e+03,5.225722349165946525e+02
2.558212643678160930e+03,5.228383723607648790e+02
2.559435823754789453e+03,5.231187724720008418e+02
2.560659003831417522e+03,5.234137133244482811e+02
2.561882183908046045e+03,5.237232507802046939e+02
2.563105363984674113e+03,5.240472175337440603e+02
2.564328544061302637e+03,5.243852254919024745e+02
2.565551724137931160e+03,5.247366714538783299e+02
2.566774904214559228e+03,5.251007460063879080e+02
2.567998084291187752e+03,5.254764455010732718e+02
2.569221264367815820e+03,5.258625869352002837e+02
2.570444444444444343e+03,5.262578255133057610e+02
2.571667624521072867e+03,5.266606746273776025e+02
2.572890804597701390e+03,5.270695279570298908e+02
2.574113984674329458e+03,5.274826833594406708e+02
2.575337164750957982e+03,5.278983681920817617e+02
2.576560344827586050e+03,5.283147656898580635e+02
2.577783524904214573e+03,5.287300420025205767e+02
2.579006704980843097e+03,5.291423734883454699e+02
2.580229885057471165e+03,5.295499738562464245e+02
2.581453065134099688e+03,5.299511207507496238e+02
2.582676245210727757e+03,5.303441813825879763e+02
2.583899425287356280e+03,5.307276368219302185e+02
2.585122605363984803e+03,5.311001045912464633e+02
2.586345785440612872e+03,5.314603592202180380e+02
2.587568965517241395e+03,5.318073504555582076e+02
2.588792145593869463e+03,5.321402188536422955e+02
2.590015325670497987e+03,5.324583085229673998e+02
2.591238505747126510e+03,5.327611768260404688e+02
2.592461685823755033e+03,5.330486008957384456e+02
2.593684865900383102e+03,5.333205808687749823e+02
2.594908045977011625e+03,5.335773397879771665e+02
2.596131226053639693e+03,5.336496362667949143e+02
2.597354406130268217e+03,5.336940164040593118e+02
2.598577586206896740e+03,5.337251314859896638e+02
2.599800766283524808e+03,5.337440296691427193e+02
2.601023946360153332e+03,5.337519333315539143e+02
2.602247126436781400e+03,5.337502207182789107e+02
2.603470306513409923e+03,5.337404052590646870e+02
2.604693486590038447e+03,5.337241128672249033e+02
2.605916666666666515e+03,5.337030575589516275e+02
2.607139846743295038e+03,5.336790157574034765e+02
2.608363026819923107e+03,5.336537996655509914e+02
2.609586206896551630e+03,5.336292301056889755e+02
2.610809386973180153e+03,5.336071092314855377e+02
2.612032567049808677e+03,5.335891935203430876e+02
2.613255747126436745e+03,5.335771674496634205e+02
2.614478927203065268e+03,5.335726182503816517e+02
2.615702107279693337e+03,5.335770121150425211e+02
2.616925287356321860e+03,5.335916722159508936e+02
2.618148467432950383e+03,5.336177588618861591e+02
2.619371647509578452e+03,5.336562520899075253e+02
2.620594827586206975e+03,5.337079369523956984e+02
2.621818007662835043e+03,5.337733917191927731e+02
2.623041187739463567e+03,5.338529791711519010e+02
2.624264367816092090e+03,5.339468411152025737e+02
2.625487547892720158e+03,5.340548962029062068e+02
2.626710727969348682e+03,5.341768410851054796e+02
2.627933908045976750e+03,5.343121548854271623e+02
2.629157088122605273e+03,5.344601069257950030e+02
2.630380268199233797e+03,5.346197675885199487e+02
2.631603448275862320e+03,5.347900221526659834e+02
2.632826628352490388e+03,5.349695873979383123e+02
2.634049808429118912e+03,5.351570307279930603e+02
2.635272988505746980e+03,5.353507915274104789e+02
2.636496168582375503e+03,5.355492044332079331e+02
2.637719348659004027e+03,5.357505241731462320e+02
2.638942528735632095e+03,5.359529515996797500e+02
2.640165708812260618e+03,5.361546605305290996e+02
2.641388888888888687e+03,5.363538249948043131e+02
2.642612068965517210e+03,5.365486464775440254e+02
2.643835249042145733e+03,5.367373807555584335e+02
2.645058429118773802e+03,5.369183639235767487e+02
2.646281609195402325e+03,5.370900372217911354e+02
2.647504789272030393e+03,5.372509702938046985e+02
2.648727969348658917e+03,5.373998825274435376e+02
2.649951149425287440e+03,5.375356621595424258e+02
2.651174329501915963e+03,5.376573828592235031e+02
2.652397509578544032e+03,5.377643175418683086e+02
2.653620689655172555e+03,5.378559492073628689e+02
2.654843869731800623e+03,5.379319786406678077e+02
2.656067049808429147e+03,5.379923288596432940e+02
2.657290229885057670e+03,5.380371462436659158e+02
2.658513409961685738e+03,5.380667983261853351e+02
2.659736590038314262e+03,5.380818682841982081e+02
2.660959770114942330e+03,5.380831462069937743e+02
2.662182950191570853e+03,5.380716172746422217e+02
2.663406130268199377e+03,5.380484470228786904e+02
2.664629310344827445e+03,5.380149639145716947e+02
2.665852490421455968e+03,5.379726394782130683e+02
2.667075670498084037e+03,5.379230663102237031e+02
2.668298850574712560e+03,5.378679342697871562e+02
2.669522030651341083e+03,5.378090052219366726e+02
2.670745210727969607e+03,5.377480867063077312e+02
2.671968390804597675e+03,5.376870049250300099e+02
2.673191570881226198e+03,5.376275774533999083e+02
2.674414750957854267e+03,5.375715860811197899e+02
2.675637931034482790e+03,5.375207501899377576e+02
2.676861111111111313e+03,5.374767010655102695e+02
2.678084291187739382e+03,5.374409575273407427e+02
2.679307471264367905e+03,5.374149032409602569e+02
2.680530651340995973e+03,5.373997660513724668e+02
2.681753831417624497e+03,5.373965996465836952e+02
2.682977011494253020e+03,5.374062678252196292e+02
2.684200191570881088e+03,5.374294316033124232e+02
2.685423371647509612e+03,5.374665393529274979e+02
2.686646551724137680e+03,5.375178201199797741e+02
2.687869731800766203e+03,5.375832802210911723e+02
2.689092911877394727e+03,5.376627031703421835e+02
2.690316091954023250e+03,5.377556529370035605e+02
2.691539272030651318e+03,5.378614804855712919e+02
2.692762452107279842e+03,5.379793335003654420e+02
2.693985632183907910e+03,5.381081691493803874e+02
2.695208812260536433e+03,5.382467696966477888e+02
2.696431992337164957e+03,5.383937607298130388e+02
2.697655172413793025e+03,5.385476317305422072e+02
2.698878352490421548e+03,5.387067586803761969e+02
2.700101532567049617e+03,5.388694283642201981e+02
2.701324712643678140e+03,5.390338640082964048e+02
2.702547892720306663e+03,5.391982518694489954e+02
2.703771072796934732e+03,5.393607683784648543e+02
2.704994252873563255e+03,5.395196074318049568e+02
2.706217432950191323e+03,5.396730074239118267e+02
2.707440613026819847e+03,5.398192776161509983e+02
2.708663793103448370e+03,5.399568234483379001e+02
2.709886973180076893e+03,5.400841704146175744e+02
2.711110153256704962e+03,5.401999861469080315e+02
2.712333333333333485e+03,5.403031003759097075e+02
2.713556513409961553e+03,5.403925224713916577e+02
2.714779693486590077e+03,5.404674562996415261e+02
2.716002873563218600e+03,5.405273121760573076e+02
2.717226053639846668e+03,5.405717157342633072e+02
2.718449233716475192e+03,5.406005135792099736e+02
2.719672413793103260e+03,5.406137756397735075e+02
2.720895593869731783e+03,5.406117941856931566e+02
2.722118773946360307e+03,5.405950795235260102e+02
2.723341954022988375e+03,5.405643524359242065e+02
2.724565134099616898e+03,5.405205334772050492e+02
2.725788314176244967e+03,5.404647292851656175e+02
2.727011494252873490e+03,5.403982161136677860e+02
2.728234674329502013e+03,5.403224208320611979e+02
2.729457854406130537e+03,5.402388996753601305e+02
2.730681034482758605e+03,5.401493150626989745e+02
2.731904214559387128e+03,5.400554108304597776e+02
2.733127394636015197e+03,5.399589862501513835e+02
2.734350574712643720e+03,5.398618692192836761e+02
2.735573754789272243e+03,5.397658890258330757e+02
2.736796934865900312e+03,5.396728490932709974e+02
2.738020114942528835e+03,5.395845001134131280e+02
2.739243295019156903e+03,5.395025139685593558e+02
2.740466475095785427e+03,5.394284588325891718e+02
2.741689655172413950e+03,5.393637758230693180e+02
2.742912835249042018e+03,5.393097575532480050e+02
2.744136015325670542e+03,5.392675289044213969e+02
2.745359195402298610e+03,5.392380303059812832e+02
2.746582375478927133e+03,5.392220037729709929e+02
2.747805555555555657e+03,5.392199819097863838e+02
2.749028735632184180e+03,5.392322800443203050e+02
2.750251915708812248e+03,5.392589916100777145e+02
2.751475095785440772e+03,5.392999868452526471e+02
2.752698275862068840e+03,5.393549148281957741e+02
2.753921455938697363e+03,5.394232088188372245e+02
2.755144636015325887e+03,5.395040948262336542e+02
2.756367816091953955e+03,5.395966032742044263e+02
2.757590996168582478e+03,5.396995835907158607e+02
2.758814176245210547e+03,5.398117215029913041e+02
2.760037356321839070e+03,5.399315587798890874e+02
2.761260536398467593e+03,5.400575151265236400e+02
2.762483716475095662e+03,5.401879119039397210e+02
2.763706896551724185e+03,5.403209973193793303e+02
2.764930076628352253e+03,5.404549727107078070e+02
2.766153256704980777e+03,5.405880195322132522e+02
2.767376436781609300e+03,5.407183266385114848e+02
2.768599616858237823e+03,5.408441174588358535e+02
2.769822796934865892e+03,5.409636766556310477e+02
2.771045977011494415e+03,5.410753758690699442e+02
2.772269157088122483e+03,5.411776981627780287e+02
2.773492337164751007e+03,5.412692608054511538e+02
2.774715517241379530e+03,5.413488360479288986e+02
2.775938697318007598e+03,5.414153695852271539e+02
2.777161877394636122e+03,5.414679964276365354e+02
2.778385057471264190e+03,5.415060539437060925e+02
2.779608237547892713e+03,5.415290918801945281e+02
2.780831417624521237e+03,5.415368792092383501e+02
2.782054597701149305e+03,5.415294077004060682e+02
2.783277777777777828e+03,5.415068921642406394e+02
2.784500957854405897e+03,5.414697673636337640e+02
2.785724137931034420e+03,5.414186816391663797e+02
2.786947318007662943e+03,5.413544873436554781e+02
2.788170498084291467e+03,5.412782282288243323e+02
2.789393678160919535e+03,5.411911239725613996e+02
2.790616858237548058e+03,5.410945520779555409e+02
2.791840038314176127e+03,5.409900274145774119e+02
2.793063218390804650e+03,5.408791797077000183e+02
2.794286398467433173e+03,5.407637293118214075e+02
2.795509578544061242e+03,5.406454616304857836e+02
2.796732758620689765e+03,5.405262005646335410e+02
2.797955938697317833e+03,5.404077813862206767e+02
2.799179118773946357e+03,5.402920234424391310e+02
2.800402298850574880e+03,5.401807030984041376e+02
2.801625478927202948e+03,5.400755273226036479e+02
2.802848659003831472e+03,5.399781083098091585e+02
2.804071839080459540e+03,5.398899395206344707e+02
2.805295019157088063e+03,5.398123734957689521e+02
2.806518199233716587e+03,5.397466017763878199e+02
2.807741379310344655e+03,5.396936372307677630e+02
2.808964559386973178e+03,5.396542990511850348e+02
2.810187739463601247e+03,5.396292006452679288e+02
2.811410919540229770e+03,5.396187406027233919e+02
2.812634099616858293e+03,5.396230968724012200e+02
2.813857279693486817e+03,5.396422242366915043e+02
2.815080459770114885e+03,5.396758551209728694e+02
2.816303639846743408e+03,5.397235037259976025e+02
2.817526819923371477e+03,5.397844734214402251e+02
2.818750000000000000e+03,5.398578672901126083e+02
2.819973180076628523e+03,5.399426016652565750e+02
2.821196360153256592e+03,5.400374224586113314e+02
2.822419540229885115e+03,5.401409240352373899e+02
2.823642720306513183e+03,5.402515703530382325e+02
2.824865900383141707e+03,5.403677180510635480e+02
2.826089080459770230e+03,5.404876411415643815e+02
2.827312260536398298e+03,5.406095569368118277e+02
2.828535440613026822e+03,5.407316528232257724e+02
2.829758620689654890e+03,5.408521134827099104e+02
2.830981800766283413e+03,5.409691481544024327e+02
2.832204980842911937e+03,5.410810175294498094e+02
2.833428160919540460e+03,5.411860598768905675e+02
2.834651340996168528e+03,5.412827160102310700e+02
2.835874521072797052e+03,5.413695527216133314e+02
2.837097701149425120e+03,5.414452843333814371e+02
2.838320881226053643e+03,5.415087920449761896e+02
2.839544061302682167e+03,5.415591407860351865e+02
2.840767241379310235e+03,5.415955933238476518e+02
2.841990421455938758e+03,5.416176214143279140e+02
2.843213601532566827e+03,5.416249138298641128e+02
2.844436781609195350e+03,5.416173811440557984e+02
2.845659961685823873e+03,5.415951572018281013e+02
2.846883141762451942e+03,5.415585972529289620e+02
2.848106321839080465e+03,5.415082727766827020e+02
2.849329501915708533e+03,5.414449630753160818e+02
2.850552681992337057e+03,5.413696437614537444e+02
2.851775862068965580e+03,5.412834723118006650e+02
2.852999042145594103e+03,5.411877709028575509e+02
2.854222222222222172e+03,5.410840067851427193e+02
2.855445402298850695e+03,5.409737704891646217e+02
2.856668582375478763e+03,5.408587521887974390e+02
2.857891762452107287e+03,5.407407165752418905e+02
2.859114942528735810e+03,5.406214766170136272e+02
2.860338122605363878e+03,5.405028665980422602e+02
2.861561302681992402e+03,5.403867148367580739e+02
2.862784482758620470e+03,5.402748164938043374e+02
2.864007662835248993e+03,5.401689068746944713e+02
2.865230842911877517e+03,5.400706356263322050e+02
2.866454022988505585e+03,5.399815422129595390e+02
2.867677203065134108e+03,5.399030330379775933e+02
2.868900383141762177e+03,5.398363605534923408e+02
2.870123563218390700e+03,5.397826046697305173e+02
2.871346743295019223e+03,5.397426567421097161e+02
2.872569923371647747e+03,5.397172063752266240e+02
2.873793103448275815e+03,5.397067312409302531e+02
2.875016283524904338e+03,5.397114900626139615e+02
2.876239463601532407e+03,5.397315188705430273e+02
2.877462643678160930e+03,5.397666305841560188e+02
2.878685823754789453e+03,5.398164179275643164e+02
2.879909003831417522e+03,5.398802596346637301e+02
2.881132183908046045e+03,5.399573298511206758e+02
2.882355363984674113e+03,5.400466105927167746e+02
2.883578544061302637e+03,5.401469070738705796e+02
2.884801724137931160e+03,5.402568656772643862e+02
2.886024904214559683e+03,5.403749942960372437e+02
2.887248084291187752e+03,5.404996847445524963e+02
2.888471264367815820e+03,5.406292369028371922e+02
2.889694444444444343e+03,5.407618842338861214e+02
2.890917624521072867e+03,5.408958202925058458e+02
2.892140804597701390e+03,5.410292258295609145e+02
2.893363984674329458e+03,5.411602960865814111e+02
2.894587164750957527e+03,5.412872678728583651e+02
2.895810344827586050e+03,5.414084460203890785e+02
2.897033524904214573e+03,5.415222288213401498e+02
2.898256704980843097e+03,5.416271320679044265e+02
2.899479885057471165e+03,5.417218113352992077e+02
2.900703065134099688e+03,5.418050821749218358e+02
2.901926245210727757e+03,5.418759379158914271e+02
2.903149425287356280e+03,5.419335648089623874e+02
2.904372605363984803e+03,5.419773542864887759e+02
2.905595785440613327e+03,5.420069121552292017e+02
2.906818965517241395e+03,5.420220645846058005e+02
2.908042145593869463e+03,5.420228608009224445e+02
2.909265325670497987e+03,5.420095724472662368e+02
2.910488505747126510e+03,5.419826896186413023e+02
2.911711685823755033e+03,5.419429136315725373e+02
2.912934865900383102e+03,5.418911466362056899e+02
2.914158045977011170e+03,5.418284782261188184e+02
2.915381226053639693e+03,5.417561692459192955e+02
2.916604406130268217e+03,5.416756330385813953e+02
2.917827586206896740e+03,5.415884144127290938e+02
2.919050766283524808e+03,5.414961666441457737e+02
2.920273946360153332e+03,5.414006268551646599e+02
2.921497126436781400e+03,5.413035901398365013e+02
2.922720306513409923e+03,5.412068828215091116e+02
2.923943486590038447e+03,5.411123352424186805e+02
2.925166666666666970e+03,5.410217544918911017e+02
2.926389846743295038e+03,5.409368974806616279e+02
2.927613026819923107e+03,5.408594447636562563e+02
2.928836206896551630e+03,5.407909755023861180e+02
2.930059386973180153e+03,5.407329439410882514e+02
2.931282567049808677e+03,5.406866577481148397e+02
2.932505747126436745e+03,5.406532585462076668e+02
2.933728927203064814e+03,5.406337049225840019e+02
2.934952107279693337e+03,5.406287581727056022e+02
2.936175287356321860e+03,5.406389709907513179e+02
2.937398467432950383e+03,5.406646792757810545e+02
2.938621647509578452e+03,5.407059971760249937e+02
2.939844827586206975e+03,5.407628154453401521e+02
2.941068007662835043e+03,5.408348031363849486e+02
2.942291187739463567e+03,5.409214126051995208e+02
2.943514367816092090e+03,5.410218877524047230e+02
2.944737547892720613e+03,5.411352753778566012e+02
2.945960727969348682e+03,5.412604394790770357e+02
2.947183908045976750e+03,5.413960782797901174e+02
2.948407088122605273e+03,5.415407437341010564e+02
2.949630268199233797e+03,5.416928632148510587e+02
2.950853448275862320e+03,5.418507630620565578e+02
2.952076628352490388e+03,5.420126936395382700e+02
2.953299808429118457e+03,5.421768555253106570e+02
2.954522988505746980e+03,5.423414264443580350e+02
2.955746168582375503e+03,5.425045885413379665e+02
2.956969348659004027e+03,5.426645555856634928e+02
2.958192528735632095e+03,5.428195997024356529e+02
2.959415708812260618e+03,5.429680772297731437e+02
2.960638888888888687e+03,5.431084533161518948e+02
2.961862068965517210e+03,5.432393248901867082e+02
2.963085249042145733e+03,5.433594416596110932e+02
2.964308429118774256e+03,5.434677248256624580e+02
2.965531609195402325e+03,5.435632832332192947e+02
2.966754789272030393e+03,5.436454267153507089e+02
2.967977969348658917e+03,5.437136764328673735e+02
2.969201149425287440e+03,5.437677720543664464e+02
2.970424329501915963e+03,5.438076756694728147e+02
2.971647509578544032e+03,5.438335723768007028e+02
2.972870689655172100e+03,5.438458675378414000e+02
2.974093869731800623e+03,5.438451807378147578e+02
2.975317049808429147e+03,5.438323365437229313e+02
2.976540229885057670e+03,5.438083521977052897e+02
2.977763409961685738e+03,5.437744224295923914e+02
2.978986590038314262e+03,5.437319016156050111e+02
2.980209770114942330e+03,5.436822835497981714e+02
2.981432950191570853e+03,5.436271791305248371e+02
2.982656130268199377e+03,5.435682922953518528e+02
2.983879310344827900e+03,5.435073945640317561e+02
2.985102490421455968e+03,5.434462985699364026e+02
2.986325670498084037e+03,5.433868309754703887e+02
2.987548850574712560e+03,5.433308051761939623e+02
2.988772030651341083e+03,5.432799942015376473e+02
2.989995210727969607e+03,5.432361042170527980e+02
2.991218390804597675e+03,5.432007490241583127e+02
2.992441570881225744e+03,5.431754259384351826e+02
2.993664750957854267e+03,5.431614934069224319e+02
2.994887931034482790e+03,5.431601506988774872e+02
2.996111111111111313e+03,5.431724199734912872e+02
2.997334291187739382e+03,5.431991309925160749e+02
2.998557471264367905e+03,5.432409087062538902e+02
2.999780651340995973e+03,5.432981638984049368e+02
3.001003831417624497e+03,5.433710870295785753e+02
3.002227011494253020e+03,5.434596453714626705e+02
3.003450191570881543e+03,5.435635834744803105e+02
3.004673371647509612e+03,5.436824269619469305e+02
3.005896551724137680e+03,5.438154895940377855e+02
3.007119731800766203e+03,5.439618834960110689e+02
3.008342911877394727e+03,5.441205323978468869e+02
3.009566091954023250e+03,5.442901876874711888e+02
3.010789272030651318e+03,5.444694470376803110e+02
3.012012452107279387e+03,5.446567753284310811e+02
3.013235632183907910e+03,5.448505275518537019e+02
3.014458812260536433e+03,5.450489733577287552e+02
3.015681992337164957e+03,5.452503228726438920e+02
3.016905172413793025e+03,5.454527534070200545e+02
3.018128352490421548e+03,5.456544366509305064e+02
3.019351532567049617e+03,5.458535659523281538e+02
3.020574712643678140e+03,5.460483832700701896e+02
3.021797892720306663e+03,5.462372053989809046e+02
3.023021072796935186e+03,5.464184490750849363e+02
3.024244252873563255e+03,5.465906545858617847e+02
3.025467432950191323e+03,5.467525075327249624e+02
3.026690613026819847e+03,5.469028584205309471e+02
3.027913793103448370e+03,5.470407397814028627e+02
3.029136973180076893e+03,5.471653805769931296e+02
3.030360153256704962e+03,5.472762176639772633e+02
3.031583333333333030e+03,5.473729041514604887e+02
3.032806513409961553e+03,5.474553145254221818e+02
3.034029693486590077e+03,5.475235464636259621e+02
3.035252873563218600e+03,5.475779193138905612e+02
3.036476053639846668e+03,5.476189692584679278e+02
3.037699233716475192e+03,5.476474412367954301e+02
3.038922413793103260e+03,5.476642777473325623e+02
3.040145593869731783e+03,5.476706046958254319e+02
3.041368773946360307e+03,5.476677145014809867e+02
3.042591954022988830e+03,5.476570467135054514e+02
3.043815134099616898e+03,5.476401664276655765e+02
3.045038314176244967e+03,5.476187408254047568e+02
3.046261494252873490e+03,5.475945141861064940e+02
3.047484674329502013e+03,5.475692817459043908e+02
3.048707854406130537e+03,5.475448627936808634e+02
3.049931034482758605e+03,5.475230734062961346e+02
3.051154214559386673e+03,5.475056992304755568e+02
3.052377394636015197e+03,5.474944687180898200e+02
3.053600574712643720e+03,5.474910272147868682e+02
3.054823754789272243e+03,5.474969122891824327e+02
3.056046934865900312e+03,5.475135306712810461e+02
3.057270114942528835e+03,5.475421371447458796e+02
3.058493295019156903e+03,5.475838157084499471e+02
3.059716475095785427e+03,5.476394632888218439e+02
3.060939655172413950e+03,5.477097762463884010e+02
3.062162835249042473e+03,5.477952398781598049e+02
3.063386015325670542e+03,5.478961210727393336e+02
3.064609195402298610e+03,5.480124642279253067e+02
3.065832375478927133e+03,5.481440904918219985e+02
3.067055555555555657e+03,5.482906003388168301e+02
3.068278735632184180e+03,5.484513794419418673e+02
3.069501915708812248e+03,5.486256077538860154e+02
3.070725095785440317e+03,5.488122716609730105e+02
3.071948275862068840e+03,5.490101790285029892e+02
3.073171455938697363e+03,5.492179769126514657e+02
3.074394636015325887e+03,5.494341716742661674e+02
3.075617816091953955e+03,5.496571511940229584e+02
3.076840996168582478e+03,5.498852088569872194e+02
3.078064176245210547e+03,5.501165689481990739e+02
3.079287356321839070e+03,5.503494130798077322e+02
3.080510536398467593e+03,5.505819072548706572e+02
3.081733716475096116e+03,5.508122291634180101e+02
3.082956896551724185e+03,5.510385953029115171e+02
3.084180076628352253e+03,5.512592875178517033e+02
3.085403256704980777e+03,5.514726785619699285e+02
3.086626436781609300e+03,5.516772563010408703e+02
3.087849616858237823e+03,5.518716461946726213e+02
3.089072796934865892e+03,5.520546317211413907e+02
3.090295977011493960e+03,5.522251724400824742e+02
3.091519157088122483e+03,5.523824194231392539e+02
3.092742337164751007e+03,5.525257278220087755e+02
3.093965517241379530e+03,5.526546663860975741e+02
3.095188697318007598e+03,5.527690237875800676e+02
3.096411877394636122e+03,5.528688116593637005e+02
3.097635057471264190e+03,5.529542643005813716e+02
3.098858237547892713e+03,5.530258350540298125e+02
3.100081417624521237e+03,5.530841894097063687e+02
3.101304597701149760e+03,5.531301949375125560e+02
3.102527777777777828e+03,5.531649081995832375e+02
3.103750957854405897e+03,5.531895588378264392e+02
3.104974137931034420e+03,5.532055310744757435e+02
3.106197318007662943e+03,5.532143429021085694e+02
3.107420498084291467e+03,5.532176232741178410e+02
3.108643678160919535e+03,5.532170876364966716e+02
3.109866858237547603e+03,5.532145121665864735e+02
3.111090038314176127e+03,5.532117071037577034e+02
3.112313218390804650e+03,5.532104895705658691e+02
3.113536398467433173e+03,5.532126562905334595e+02
3.114759578544061242e+03,5.532199566102601693e+02
3.115982758620689310e+03,5.532340662290088176e+02
3.117205938697317833e+03,5.532565620283512544e+02
3.118429118773946357e+03,5.532888983780105718e+02
3.119652298850574880e+03,5.533323852719860270e+02
3.120875478927202948e+03,5.533881686216911930e+02
3.122098659003831472e+03,5.534572130006066573e+02
3.123321839080459540e+03,5.535402870983140247e+02
3.124545019157088063e+03,5.536379521012919440e+02
3.125768199233716587e+03,5.537505531741209097e+02
3.126991379310345110e+03,5.538782141684134785e+02
3.128214559386973178e+03,5.540208356385536490e+02
3.129437739463601247e+03,5.541780961939175540e+02
3.130660919540229770e+03,5.543494571673887776e+02
3.131884099616858293e+03,5.545341705304249444e+02
3.133107279693486817e+03,5.547312899364237637e+02
3.134330459770114885e+03,5.549396847273831099e+02
3.135553639846742954e+03,5.551580566945775672e+02
3.136776819923371477e+03,5.553849593428104754e+02
3.138000000000000000e+03,5.556188193704000469e+02
